Id,class_0,class_1
00eed32682bb,0.8281802573432935,0.17181974265670655
010ebe33f668,0.8281802573432935,0.17181974265670655
02fa521e1838,0.8281802573432935,0.17181974265670655
040e15f562a2,0.8281802573432935,0.17181974265670655
046e85c7cc7f,0.8281802573432935,0.17181974265670655
